id;name;code;address;phone_num;logo;contact;create_user_id;create_time
1;whenever 撬;ouch provided;关闭 till apud;or unless consequently;绿油油 全;掘;9067;2024-01-01T02:25:48
2;out;drat;bunch 格外 in;红 on even;ugh;熟练 whoever;25000;2023-12-31T18:01:20
3;from snuggle pish;after;撬;valley where;摔 优秀 hike;hmph 马虎;20112;2024-01-01T02:38:33
4;依然;of;conductor 拿 慢;摸 搀 更;掘;举;5517;2023-12-31T20:58:55
5;vehicle human 跑;长 hence;捏 earmuffs if;workplace 握 gah;ticket e-reader 生动;until pfft;21070;2023-12-31T14:50:46
6;unlike;briefing per who;appearance;anenst 多么 qua;aw whereas;whoever;17771;2023-12-31T09:32:16
7;没有;anenst;till;atop 开;rating;坏 genre 坏;30744;2023-12-31T13:00:50
8;必然 索性 observatory;breadfruit;spark lightning inflammation;一同;ew atop 咀;搜 差点儿 一概;6131;2023-12-31T13:06:50
9;so until sting;chandelier;猛然;till 最;必然 坏;oh 百般;4394;2024-01-01T02:58:16
10;优秀;patriot;around;pfft;共;whether afternoon;20722;2024-01-01T05:54:49
