id;form_data;created_by;created_date;last_modified_by;last_modified_date
1;../fake-data/blob/hipster.txt;14020;2024-10-24T03:16:42;23513;2024-10-23T23:01:40
2;../fake-data/blob/hipster.txt;29050;2024-10-23T21:58:29;22091;2024-10-24T11:48:35
3;../fake-data/blob/hipster.txt;3799;2024-10-23T22:43:55;24671;2024-10-23T14:25:12
4;../fake-data/blob/hipster.txt;3685;2024-10-23T12:56:22;31691;2024-10-23T18:21:42
5;../fake-data/blob/hipster.txt;18599;2024-10-24T10:46:08;163;2024-10-23T22:15:15
6;../fake-data/blob/hipster.txt;13444;2024-10-24T08:42:54;30590;2024-10-24T02:54:04
7;../fake-data/blob/hipster.txt;24657;2024-10-24T04:02:11;5367;2024-10-24T09:54:37
8;../fake-data/blob/hipster.txt;32090;2024-10-23T19:56:04;29064;2024-10-24T05:58:43
9;../fake-data/blob/hipster.txt;10751;2024-10-23T16:58:20;13245;2024-10-24T05:49:42
10;../fake-data/blob/hipster.txt;25070;2024-10-23T18:06:52;13884;2024-10-23T16:29:28
