id;form_key;form_name;form_json;created_by;created_date;last_modified_by;last_modified_date
1;phew 全部 比较;捉 until minus;../fake-data/blob/hipster.txt;27451;2024-04-05T14:40:25;21097;2024-04-04T22:08:42
2;like;握 incidentally wrapping;../fake-data/blob/hipster.txt;850;2024-04-05T11:04:01;14346;2024-04-05T04:50:25
3;wherever;逐渐 yowza;../fake-data/blob/hipster.txt;6594;2024-04-05T07:51:08;17396;2024-04-05T16:52:53
4;一同 攥 挥;er;../fake-data/blob/hipster.txt;4039;2024-04-04T18:45:18;10425;2024-04-04T21:03:23
5;cradle;in;../fake-data/blob/hipster.txt;3144;2024-04-04T18:21:50;15072;2024-04-04T19:50:41
6;document;transport prison who;../fake-data/blob/hipster.txt;18249;2024-04-05T05:14:45;871;2024-04-04T22:17:53
7;finally 大方 carport;冷;../fake-data/blob/hipster.txt;8843;2024-04-05T08:30:52;12303;2024-04-05T12:29:22
8;cafe brr 驾驶;yum 别 咀;../fake-data/blob/hipster.txt;25859;2024-04-05T03:16:17;24857;2024-04-05T12:33:24
9;handlebar phew ew;vestment brr;../fake-data/blob/hipster.txt;11264;2024-04-05T06:35:04;16264;2024-04-04T21:37:04
10;abaft 搂;fen;../fake-data/blob/hipster.txt;6788;2024-04-05T00:33:18;6371;2024-04-05T04:25:02
