id;login;password;first_name;last_name;email;mobile;birthday;activated;lang_key;image_url;activation_key;reset_key;reset_date;created_by;created_date;last_modified_by;last_modified_date
1;好些 启动;aside hmph;泽洋;包;fh5q31_o2593@21cn.com;following;2023-12-31T22:19:17;false;yippee unlike 撒;雪白 清楚;长 掐 鲁莽;now pod;2023-12-31T12:20:10;17409;2023-12-31T21:29:04;23596;2023-12-31T06:50:35
2;整 dialect;supposing 持 aha;绍齐;遇;fevfoz83@21cn.com;need while;2023-12-31T06:37:50;true;tag 马虎 难道;绿油油 roof;er 长;必然 摘;2023-12-31T13:01:47;14667;2024-01-01T03:30:22;17574;2023-12-31T18:44:13
3;uh-huh;猛然 consequently 许多;泽洋;典;k5qkfk20@139.com;一道;2023-12-31T08:19:55;true;何尝;aw after;绿 onto;yet for absent;2023-12-31T17:13:20;29604;2023-12-31T07:01:29;11333;2023-12-31T10:28:03
4;oh drat;冷;昊焱;潘;k4ti7b.i78@163.com;ha alongside oil;2023-12-31T11:46:42;false;掘 掷 马虎;飞;at gah yahoo;for because beneath;2023-12-31T07:47:27;11603;2023-12-31T19:21:25;21422;2024-01-01T03:01:43
5;多亏 都 撕;ouch until;涛;衅;ucop8d.jdb@hotmail.com;minus 多;2023-12-31T21:12:04;false;boo throughout;after;woot 绿 ouch;许多 chrome 撑;2024-01-01T01:12:06;10904;2023-12-31T22:42:00;16818;2023-12-31T10:44:04
6;optimization 惟独;antigen;文韬;革;freui8.tml20@yahoo.com.cn;disgust;2024-01-01T04:38:46;false;冷 zero;excluding which;抬 by 弹;托 摘 整;2023-12-31T20:18:38;30981;2023-12-31T09:17:23;4922;2023-12-31T18:50:00
7;敢情 撕 ape;笔直;敬阳;公孙;ui8_l5z94@outlook.com;坏;2023-12-31T16:17:00;true;老实;aha 果然 握;like 可;geez 播 ack;2023-12-31T07:00:19;3088;2023-12-31T11:33:09;19158;2023-12-31T20:39:47
8;苦 while 握;ack 好 撞;海燕;葛;tgmo3v98@139.com;逐渐 oof;2024-01-01T06:10:02;true;gosh huzzah within;crate;below cuticle;吐 oof feed;2023-12-31T16:13:18;7256;2023-12-31T11:30:13;7223;2023-12-31T13:54:06
9;milk 雪白;lest 启动 before;嘉懿;完;gs2m5690@hotmail.com;till how;2023-12-31T08:53:56;true;box;incidentally 撒;骨碌碌 净;although against;2023-12-31T16:31:18;17032;2023-12-31T16:31:54;1780;2024-01-01T03:39:57
10;差点儿;typeface appetiser;昊然;岳;sf0ppm31@sohu.com;一起 act the;2023-12-31T18:05:47;false;ha 抽 抓;oof 别;entrepreneur 跑;plus;2024-01-01T02:35:25;21697;2024-01-01T04:15:37;31032;2024-01-01T01:05:15
