id;name;content;create_at;update_at
1;why 吃;../fake-data/blob/hipster.txt;2024-01-01T01:28:50;2023-12-31T18:55:32
2;提 长;../fake-data/blob/hipster.txt;2024-01-01T02:02:55;2023-12-31T07:23:53
3;笔直 推 lady;../fake-data/blob/hipster.txt;2023-12-31T12:33:48;2023-12-31T19:58:13
4;abaft aboard;../fake-data/blob/hipster.txt;2023-12-31T12:31:58;2023-12-31T08:29:45
5;except;../fake-data/blob/hipster.txt;2023-12-31T14:52:54;2023-12-31T14:01:52
6;吮 step-daughter 掷;../fake-data/blob/hipster.txt;2023-12-31T07:55:10;2023-12-31T23:27:55
7;upon elk;../fake-data/blob/hipster.txt;2024-01-01T06:31:36;2023-12-31T20:31:30
8;剪 metabolite 更加;../fake-data/blob/hipster.txt;2023-12-31T19:01:38;2024-01-01T02:25:57
9;meh gosh;../fake-data/blob/hipster.txt;2024-01-01T04:37:51;2023-12-31T16:17:32
10;so inspector 抛;../fake-data/blob/hipster.txt;2023-12-31T15:44:42;2023-12-31T16:44:20
