id;url;full_name;name;ext;type;path;folder;owner_entity_name;owner_entity_id;business_title;business_desc;business_status;create_at;file_size;smart_url;medium_url;reference_count;created_by;created_date;last_modified_by;last_modified_date
1;https://-immortal.name;短 remnant;and pita chorus;afore midst;老实 喝;squeegee 掷;多 instead;after boohoo ouch;12922;guilder fail;聪明;鲁莽 for 操作;2023-12-31T08:14:38;19340;tooth 快;whereas afternoon towards;1208;23476;2023-12-31T15:31:29;5999;2023-12-31T12:49:26
2;https://-soul.com/;敢情;ouch 摔 撬;out;alongside 一齐;扭 偏偏;at given yet;phew 坚固 ha;2201;nonconformist zowie;生动;during 倒 disagreement;2023-12-31T11:14:21;10272;ficlet;ugh for;12451;1677;2023-12-31T22:28:42;6081;2023-12-31T17:54:01
3;https://-curiosity.name;飞;if athwart 拨;while nudge 摘;一齐;掐 轻松 apropos;总共 celery aw;hardship drat suspenders;2744;整齐 攥;咀;against wherever whereas;2023-12-31T18:09:54;429;sage midst;别;32184;8254;2024-01-01T03:52:35;8562;2023-12-31T14:19:44
4;https://-minority.biz/;跳 大约 aside;抽 细;却;but before;弹 than because;out plier who;惟独;14204;攥 短 必定;仿佛;也许 捺;2024-01-01T05:53:43;7645;却 given;robin summer digit;1466;19871;2023-12-31T22:36:10;32254;2023-12-31T12:48:30
5;https://-barn.info/;minus considering 短;快 leaver;渐渐 仅 剪;qua;finally;gosh mid 一定;摘;18684;minus duh;oh bah 可;长 for;2023-12-31T10:16:22;8559;熟练;invoice;24002;12178;2024-01-01T04:50:32;28911;2023-12-31T07:45:01
6;https://-defeat.biz/;反正;一起;多 whether;全 until;orchestra after;handle;yahoo 血淋淋;4027;甜 anenst 勇敢;concerning 勇敢;快;2023-12-31T20:59:20;31180;a yippee via;mousse 惟独;20699;10405;2023-12-31T10:25:54;11415;2023-12-31T07:06:28
7;https://-chemical.com/;inasmuch woot;beside;brochure hence;dirndl 多亏;ha fooey livestock;next 播;yum boohoo 极其;27330;聪明 撬 apropos;好 now furthermore;times;2024-01-01T03:03:51;23831;until 单 lest;furthermore excepting 快;1467;17604;2023-12-31T15:05:47;22724;2024-01-01T01:49:57
8;https://-angle.info/;长;aha spouse whey;仅仅;ew;快 冷 抚;披 towards;resale sympathy 熟练;16665;regarding 优秀 一味;ack without;finally;2023-12-31T17:13:41;17931;economics;别;1668;13497;2023-12-31T22:14:20;12797;2024-01-01T02:43:33
9;https://-top-hat.info/;冷 ew psst;amidst huzzah;barring 一同;from;更;ukulele that 没有;boo woot;3391;必然 小 gosh;lest;清楚;2024-01-01T00:11:07;1232;拍 kimono;athwart 一道;9692;26289;2024-01-01T03:19:32;7495;2023-12-31T08:15:02
10;https://-settlement.org;一共 from which;拎;across 好些 now;and;必然 besides issue;整 红 however;near 拧 没;22399;since;ouch;vice;2023-12-31T11:22:12;29072;仅仅;敢情;21403;11240;2023-12-31T20:02:39;22554;2023-12-31T23:11:08
