id;url;full_name;name;thumb;ext;type;path;folder;owner_entity_name;owner_entity_id;business_title;business_desc;business_status;create_at;file_size;reference_count;created_by;created_date;last_modified_by;last_modified_date
1;https://-glutamate.name/;oof;猛然 above meanwhile;off;phooey;towards secretary 拣;坐 but;except 当然;geology;14483;生动 till 短;fooey;standpoint because save;2023-12-31T07:50:01;14332;22291;15535;2023-12-31T08:25:45;12643;2023-12-31T08:30:22
2;https://-automaton.net;trait plus;purchase 稍微;弹 evaluation phew;很 sans 软;捺 brr jazz;onto across;抛 mood;十分;12880;while removal;马虎 effacement 一共;versus;2024-01-01T00:59:09;16886;17231;25666;2024-01-01T05:28:40;18627;2024-01-01T04:29:03
3;https://-sonnet.biz;modulo gah ouch;incubation um what;across for outrigger;because ford;eek;unless 短;huzzah hotdog;披 都 within;12335;别;幸亏 unlike 依然;拆 都 considering;2023-12-31T08:35:15;31404;5758;26778;2023-12-31T11:32:19;12652;2023-12-31T17:51:56
4;https://-woodshed.org;鲁莽 咀;circa 捉;打 pressurization vacation;揍;along;好些 剪;捏 坏 for;播 雪白 oof;20456;一共 until;reef although;save 提;2023-12-31T22:32:46;27276;21136;18866;2023-12-31T09:22:24;85;2023-12-31T14:26:57
5;https://-jack.org;opposite;anenst supposing;别 except 猛然;radio;among aha;best-seller class 剪;as;duh 做;18718;小 times provided;也许;from 勇敢;2024-01-01T05:22:10;4585;20084;19903;2023-12-31T12:43:48;7445;2023-12-31T20:55:29
6;https://-neon.name;一同;whether;to;whenever;guestbook 抚;挡;差点儿 掘;why;11843;regarding 简直 incubation;instead which 血淋淋;across;2023-12-31T22:49:27;24513;658;5232;2024-01-01T00:01:56;26651;2023-12-31T06:44:08
7;https://-classroom.info;播 多么 phew;meanwhile;清楚;mouth 播 何尝;gosh 却;whereas 剪 挥;互相;ugh fee since;4529;倒 操作 circa;thaw;百般 so including;2023-12-31T08:42:26;18886;12023;20392;2023-12-31T23:43:25;21119;2023-12-31T18:44:44
8;https://-loneliness.net/;gadzooks 摇;好些 抄;披 rations;掐 consequently;ack during;平常 that 拔;擅自;hmph 小;14185;揍 yum;barring;until;2024-01-01T03:48:41;4550;29393;14128;2023-12-31T20:15:25;24709;2023-12-31T23:51:17
9;https://-spectacles.biz/;um;一齐;who oregano;熟练 fulfillment;aside;deposition;轻松 简直 必然;仅仅 雪白 tab;3020;坚固;but 单;撒;2024-01-01T02:51:12;25994;5755;7833;2024-01-01T01:33:24;25508;2023-12-31T08:04:24
10;https://-hunger.org;supposing;极 当然 开;没有 好些 towards;多么;than;尽 平常;许多 勇敢;极 幸亏;29770;spark 抛;within 咬 dreamer;quicksand urn roll;2023-12-31T14:32:30;18459;8685;5068;2024-01-01T01:40:15;22108;2023-12-31T07:58:59
